<?xml version="1.0" encoding="UTF-8"?>
<configuration>

    <!-- Console Appender -->
    <appender name="CONSOLE" class="ch.qos.logback.core.ConsoleAppender">
        <encoder>
            <pattern>%d{yyyy-MM-dd HH:mm:ss} [%thread] %-5level %logger{36} - %highlight(%msg)%n</pattern>
            <pattern>
                %d{yyyy-MM-dd HH:mm:ss} [%thread] %highlight(%-5level) %logger{36} - %msg%n
            </pattern>
        </encoder>
    </appender>

    <!-- File Appender -->
    <appender name="FILE" class="ch.qos.logback.core.rolling.RollingFileAppender">
        <file>logs/application.log</file>
        <rollingPolicy class="ch.qos.logback.core.rolling.TimeBasedRollingPolicy">
            <!-- Daily rollover -->
            <fileNamePattern>logs/application.%d{yyyy-MM-dd}.log</fileNamePattern>
            <!-- Keep 30 days worth of history -->
            <maxHistory>30</maxHistory>
        </rollingPolicy>
        <encoder>
            <pattern>%d{yyyy-MM-dd HH:mm:ss} [%thread] %-5level %logger{36} - %msg%n</pattern>
        </encoder>
    </appender>

    <!-- Root Logger -->
    <root level="info">
        <appender-ref ref="CONSOLE" />
        <appender-ref ref="FILE" />
    </root>

    <!-- Specific Logger Configuration -->
    <logger name="com.example.one" level="trace" additivity="false">
        <appender-ref ref="CONSOLE" />
        <appender-ref ref="FILE" />
    </logger>

</configuration>
